{"Alaska+Kamchatka": [[-204.21450366468605, 65.14364618695949], [-204.21450366468605, 66.39435038901642], [-165.55637378292522, 66.39435038901642], [-165.55637378292522, 65.14364618695949], [-204.21450366468605, 65.14364618695949]], "North west territory+Greenland": [[-82.80981401316052, 66.86896501301413], [-82.95810115187786, 67.81723688805113], [-53.64787955982427, 72.4006575393139], [-53.49959242110695, 71.4523856642769], [-82.80981401316052, 66.86896501301413]], "Brazil+North Africa": [[-35.05973950878836, -8.838067597159007], [-35.61857466795713, -7.941490957898355], [-12.165509750484574, 8.052773626307268], [-11.606674591315816, 7.1561969870466156], [-35.05973950878836, -8.838067597159007]], "Ontario+Greenland": [[-52.298487179723516, 72.31730707615374], [-51.78765441379129, 70.91685214917835], [-95.07444306575846, 55.12747574763581], [-95.5852758316907, 56.52793067461118], [-52.298487179723516, 72.31730707615374]], "Quebec+Greenland": [[-71.09243947273856, 57.78116513692747], [-71.51501000374986, 58.42155284041385], [-51.72120825962469, 71.4828237989449], [-51.298637728613386, 70.8424360954585], [-71.09243947273856, 57.78116513692747]], "Greenland+Iceland": [[-26.969223673171253, 68.82458000238745], [-26.878124294440912, 68.94022701268182], [-23.303580339888136, 66.12442803374384], [-23.394679718618477, 66.0087810234495], [-26.969223673171253, 68.82458000238745]], "South Europe+Egypt": [[22.034051242939952, 37.75442544450284], [22.214784541683436, 37.763796655045255], [22.526076181094922, 31.648613695874793], [22.34534288235144, 31.639242485332378], [22.034051242939952, 37.75442544450284]], "East Africa+Middle East": [[45.294304442791606, 10.200561126750816], [45.21669999499226, 10.196619598954754], [44.9286454627421, 13.255101081852322], [45.006249910541435, 13.259042609648384], [45.294304442791606, 10.200561126750816]], "South Africa+Madagascar": [[38.00993030981562, -16.977161069108163], [38.05491504019596, -16.769949089429723], [44.459648957529595, -18.160386210276222], [44.41466422714926, -18.367598189954656], [38.00993030981562, -16.977161069108163]], "Iceland+Great Britain": [[-15.47142479416175, 64.44086885367165], [-15.129895767747323, 64.91903666326164], [-1.2675676160883387, 53.40159488130923], [-1.609096642502771, 52.92342707171922], [-15.47142479416175, 64.44086885367165]], "Great Britain+Scandinavia": [[-1.7554910337835266, 53.18901030070205], [-1.9368009491674028, 53.45168150001049], [6.182127029457215, 59.05580615733043], [6.363436944841091, 58.79313495802199], [-1.7554910337835266, 53.18901030070205]], "Kamchatka+Alaska": [[178.95578369276572, 66.28065000701129], [178.95578369276572, 67.53135420906823], [217.61391357452655, 67.53135420906823], [217.61391357452655, 66.28065000701129], [178.95578369276572, 66.28065000701129]], "Indonesia+New Guinea": [[116.24605601388144, 1.7703956086228474], [116.48475727831239, 2.5243877556336356], [139.7899690950101, -4.853651326778232], [139.55126783057915, -5.607643473789021], [116.24605601388144, 1.7703956086228474]], "Iceland+Scandinavia": [[-15.635596226051543, 64.41079244347895], [-15.461245416531504, 65.12570432368904], [6.636030880871983, 59.73667930216039], [6.461680071351944, 59.02176742195029], [-15.635596226051543, 64.41079244347895]], "Great Britain+Western Europe": [[-0.06250577456597518, 51.259004894542684], [-0.00032761165770255063, 51.30278336141809], [1.352825000855062, 49.38091287152601], [1.2906468379467928, 49.337134404650584], [-0.06250577456597518, 51.259004894542684]], "Great Britain+Northern Europe": [[-1.5821601260548634, 53.119594507497425], [-1.542281099927954, 53.352986209554174], [6.389731409204033, 52.961315564994166], [6.349852383077107, 52.72792386293746], [-1.5821601260548634, 53.119594507497425]], "Scandinavia+Northern Europe": [[6.5608039845978485, 59.41753740939924], [6.778563559194502, 59.408444331223855], [6.497504779227196, 52.67769384369118], [6.279745204630572, 52.68678692186659], [6.5608039845978485, 59.41753740939924]], "Indonesia+Western Australia": [[114.41546124048844, -3.3849416629227367], [114.92286958216407, -2.8890469072082308], [130.25052566788526, -18.57257746809225], [129.74311732620959, -19.068472223806765], [114.41546124048844, -3.3849416629227367]], "New Guinea+Western Australia": [[129.849898578264, -19.08275254967193], [129.4024131592955, -18.752740952826745], [139.60277160723854, -4.921373457436283], [140.05025702620705, -5.251385054281498], [129.849898578264, -19.08275254967193]], "Siam+Indonesia": [[106.54862167869916, 11.180791974286123], [106.85271600724029, 11.508086562121946], [116.9690941767113, 2.1088073163041874], [116.66499984817015, 1.7815127284683634], [106.54862167869916, 11.180791974286123]], "Kamchatka+Japan": [[136.14388739878368, 44.7266661333896], [136.41227750325052, 44.84737996250138], [139.4330055157215, 37.997195282754234], [139.17531374610326, 37.88109928590083], [136.14388739878368, 44.7266661333896]], "South Europe+North Africa": [[10.975031448827554, 43.2722519614311], [11.200211075907447, 43.177439486871144], [9.990711900855448, 36.59222259614925], [9.800292181172965, 36.624363555214806], [10.975031448827554, 43.2722519614311]], "East Africa+Madagascar": [[40.137519302886325, -1.4050089094797862], [40.63497932731469, -1.229122317493406], [46.07147398871242, -16.60515943618787], [45.57401396428406, -16.781046028174245], [40.137519302886325, -1.4050089094797862]], "New Guinea+Eastern Australia": [[136.57116640063938, -16.851712765361988], [136.21742288597903, -16.734761032849438], [139.83229461818584, -5.800870579711246], [140.18603813284616, -5.917822312223826], [136.57116640063938, -16.851712765361988]], "Mongolia+Japan": [[129.2635550856213, 42.479073822821285], [129.47353277705733, 42.78843076019706], [137.76585267028184, 36.99445542372822], [137.55587497884588, 36.685098486352466], [129.2635550856213, 42.479073822821285]], "South Europe+Middle East": [[25.879651547184125, 41.35063751392989], [25.92735211091625, 41.38859007724715], [27.209906072327545, 39.77348957249007], [27.162205508595424, 39.7355370091728], [25.879651547184125, 41.35063751392989]]}